019 The Super Happy Hour Wedding Cocktail Hour,,,
12-LYRICS,12,LYRICS,
,,,
024 The Acid Jazz Wedding Cocktail Hour,,,
16-LYRICS,16,LYRICS,
,,,
029 The Colorful Wedding Cocktail Hour,,,
11-LYRICS,11,LYRICS,
,,,
031 The Psychedelic Wedding Cocktail Hour,,,
27-LENGTH,27,LENGTH,
,,,
032 The Surfâ€™s Up Wedding Cocktail Hour,,,
13-LENGTH,13,LENGTH,
,,,
036 The All Covers Version Wedding Cocktail Hour (Volume 1),,,
7-LYRICS,7,LYRICS,
14-lYRICS,14,lYRICS,
22-LIVE,22,LIVE,
,,,
037 The Giants of Jazz Wedding Cocktail Hour,,,
2-LENGTH,2,LENGTH,
5-lENGTH,5,lENGTH,
15-lENGTH,15,lENGTH,
16-lENGTH,16,lENGTH,
17-lENGTH,17,lENGTH,
,,,
040 The Acquired Taste Wedding Cocktail Hour,,,
2-LYRICS,2,LYRICS,
,,,
043 The All-Broadway Wedding Cocktail Hour,,,
6-LENGTH,6,LENGTH,
12-LYRICS,12,LYRICS,
,,,
044 The Fifty Shades of Grey Wedding Cocktail Hour,,,
13-LYRICS,13,LYRICS,
,,,
045 The Hip Hop Wedding Cocktail Hour,,,
1-LYRICS,1,LYRICS,
5-lYRICS,5,lYRICS,
,,,
047 The Reggae Wedding Cocktail Hour,,,
11-LYRICS,11,LYRICS,https://www.youtube.com/watch?v=JC4AxPGkemo
,,,
049 The Space Travelers Wedding Cocktail Hour,,,
10-LENGTH,10,LENGTH,
11-LENGTH,11,LENGTH,
13-LENGTH,13,LENGTH,
,,,
050 The Freestyle Wedding Cocktail Hour,,,
10-LENGTH,10,LENGTH,
,,,
051 The African Safari Wedding Cocktail Hour,,,
14-LENGTH,14,LENGTH,
15-LENGTH,15,LENGTH,
16-LENGTH,16,LENGTH,
,,,
054 The Bar Life Wedding Cocktail Hour,,,
1- CHECK LYRICS ON ALL,1, CHECK LYRICS ON ALL,
,,,
057 The Blues Wedding Cocktail Hour,,,
1-LIVE,1,LIVE,
7-LIVE,7,LIVE,
,,,
058 The 80s 90s Something Wedding Cocktail Hour,,,
1-LENGTH,1,LENGTH,
6-LENGTH,6,LENGTH,
,,,
061 The Valentine's Day Wedding Cocktail Hour (Volume 2),,,
16-LENGTH,16,LENGTH,
,,,
062 The New Age Wedding Cocktail Hour (Volume 1),,,
7-LENGTH,7,LENGTH,
11-LENGTH,11,LENGTH,
,,,
064 The Bossa Chill Wedding Cocktail Hour,,,
10-LYRICS,10,LYRICS,
13-LYRICS,13,LYRICS,
,,,
065 The Fourth of July Wedding Cocktail Hour,,,
15-LENGTH,15,LENGTH,
19-LENGTH,19,LENGTH,
,,,
066 The Vineyard Vibes Wedding Cocktail Hour,,,
10-LENGTH,10,LENGTH,
13-LENGTH,13,LENGTH,
,,,
071 The Stone Cold Soul Wedding Cocktail Hour,,,
2-LENGTH,2,LENGTH,
8-LENGTH,8,LENGTH,
,,,
072 The Bar Rock Wedding Cocktail Hour,,,
17-LYRICS,17,LYRICS,
,,,
073 The Disco Love Wedding Cocktail Hour (Volume 2),,,
12-LENGTH,12,LENGTH,
15-LENGTH,15,LENGTH,
17-LENGTH,17,LENGTH,
,,,
078 The Fashion Show Wedding Cocktail Hour,,,
3-Lyrics?,3,Lyrics?,
5-Lyrics?,5,Lyrics?,
,,,
